cAMP-specific 3',5'-cyclic phosphodiesterase 4A
MEPPTVPSERSLSLSLPGPREGQATLKPPPQHLWRQPRTPIRIQQRGYSDSAERAERERQPHRPIERADAMDTSDRPGLRTTRMSWPSSFHGTGTGSGGAGGGSSRRFEAENGPTPSPGRSPLDSQASPGLVLHAGAATSQRRESFLYRSDSDYDMSPKTMSRNSSVTSEAHAEDLIVTPFAQVLASLRSVRSNFSLLTNVPVPSNKRSPLGGPTPVCKATLSEETCQQLARETLEELDWCLEQLETMQTYRSVSEMASHKFKRMLNRELTHLSEMSRSGNQVSEYISTTFLDKQNEVEIPSPTMKEREKQQAPRPRPSQPPPPPVPHLQPMSQITGLKKLMHSNSLNNSNIPRFGVKTDQEELLAQELENLNKWGLNIFCVSDYAGGRSLTCIMYMIFQERDLLKKFRIPVDTMVTYMLTLEDHYHADVAYHNSLHAADVLQSTHVLLATPALDAVFTDLEILAALFAAAIHDVDHPGVSNQFLINTNSELALMYNDESVLENHHLAVGFKLLQEDNCDIFQNLSKRQRQSLRKMVIDMVLATDMSKHMTLLADLKTMVETKKVTSSGVLLLDNYSDRIQVLRNMVHCADLSNPTKPLELYRQWTDRIMAEFFQQGDRERERGMEISPMCDKHTASVEKSQVGFIDYIVHPLWETWADLVHPDAQEILDTLEDNRDWYYSAIRQSPSPPPEEESRGPGHPPLPDKFQFELTLEEEEEEEISMAQIPCTAQEALTAQGLSGVEEALDATIAWEASPAQESLEVMAQEASLEAELEAVYLTQQAQSTGSAPVAPDEFSSREEFVVAVSHSSPSALALQSPLLPAWRTLSVSEHAPGLPGLPSTAAEVEAQREHQAAKRACSACAGTFGEDTSALPAPGGGGSGGDPT
CC(C)=CCn1nc(-c2cccc(c2)[N+]([O-])=O)c2ncccc2c1=O	15
Clc1cccc(c1)-c1nn(CC2CC2)c(=O)c2cccnc12	270
COc1ccc(cc1OC1CCCC1)[C@H]1CNC(=O)C1	3400
COc1ccc(cc1OC1CCCC1)[C@@H]1CNC(=O)C1	480
[O-][N+](=O)c1cccc(c1)-c1nn(Cc2ccncc2)c(=O)c2cccnc12	220
COc1ccc(cc1OC1CCCC1)C1CNC(=O)C1	500
CCCCOc1cc(CC2CNC(=O)N2)ccc1OC	3300
OC(=O)c1ccc(cc1)-c1cc2cccnc2c(n1)-c1cccc(c1)[N+]([O-])=O	20
[O-][N+](=O)c1cccc(c1)-n1c2ncccc2c(=O)n(Cc2ccncc2)c1=O	17
OC(=O)c1ccc(cc1)-c1cc2cccnc2c(n1)-c1ccc2nonc2c1	250
Nc1nc2n(CC3CC3)c(=O)n(CC3CC3)c(=O)c2[nH]1	910
COc1ccc(cc1OC1CCCC1)[C@@H]1CN(C)C(=O)C1	500
COc1ccc(cc1OC1CCCC1)[C@@H]1CN(Cc2ccccc2)C(=O)C1	2100
CCOc1cc(ccc1OC)[C@@H]1CNC(=O)C1	5600
CCCOc1cc(ccc1OC)[C@@H]1CNC(=O)C1	4600
CC(C)C(=O)c1c(nn2ccccc12)C(C)C	900
