&#945;-glucosidase
MTISSAHPETEPKWWKEATFYQIYPASFKDSNDDGWGDMKGIASKLEYIKELGADAIWISPFYDSPQDDMGYDIANYEKVWPTYGTNEDCFALIEKTHKLGMKFITDLVINHCSSEHEWFKESRSSKTNPKRDWFFWRPPKGYDAEGKPIPPNNWKSYFGGSAWTFDEKTQEFYLRLFCSTQPDLNWENEDCRKAIYESAVGYWLDHGVDGFRIDVGSLYSKVVGLPDAPVVDKNSTWQSSDPYTLNGPRIHEFHQEMNQFIRNRVKDGREIMTVGEMQHASDETKRLYTSASRHELSELFNFSHTDVGTSPLFRYNLVPFELKDWKIALAELFRYINGTDCWSTIYLENHDQPRSITRFGDDSPKNRVISGKLLSVLLSALTGTLYVYQGQELGQINFKNWPVEKYEDVEIRNNYNAIKEEHGENSEEMKKFLEAIALISRDHARTPMQWSREEPNAGFSGPSAKPWFYLNDSFREGINVEDEIKDPNSVLNFWKEALKFRKAHKDITVYGYDFEFIDLDNKKLFSFTKKYNNKTLFAALNFSSDATDFKIPNDDSSFKLEFGNYPKKEVDASSRTLKPWEGRIYISE
CCOC([O-])=C1C(C(C(=[OH+])OCC)=C(C)N=C1C)c1cccc(c1)[N+]([O-])=O	25000
CCOC(=O)C1=C(C)NC(C)=C(C1c1ccc(cc1)[N+]([O-])=O)C(=O)OCC	68000
CCOc1ccccc1NC(=O)Cn1cc(Cn2c(nc(c2-c2ccccc2)-c2ccccc2)-c2cccc(Br)c2)nn1	14780
CN(C)c1ccc(cc1)-c1cnc(o1)-c1cccc(c1)S(=O)(=O)NCCCC\N=C1/SC[C@@H]2[C@@H](O)[C@H](O)[C@@H](O)[C@@H](O)N12	714000
CN(C)c1cccc2c(cccc12)S(=O)(=O)NCCCCCS(=O)(=O)NCCCC\N=C1/SC[C@@H]2[C@@H](O)[C@H](O)[C@@H](O)[C@@H](O)N12	451000
CCN(CC)c1ccc2cc(c(=O)oc2c1)S(=O)(=O)NCCCC\N=C1/SC[C@@H]2[C@@H](O)[C@H](O)[C@@H](O)[C@@H](O)N12	313000
CN(C)c1cccc2c(cccc12)S(=O)(=O)NCCCC\N=C1/SC[C@@H]2[C@@H](O)[C@H](O)[C@@H](O)[C@@H](O)N12	246000
CCC\C=C1\OC(=O)c2ccccc12	4860
