SYK RPA purified, truncated construct of Spleen Tyrosine Kinase aa 360-635
PKEVYLDRKLLTLEDKELGSGNFGTVKKGYYQMKKVVKTVAVKILKNEANDPALKDELLAEANVMQQLDNPYIVRMIGICEAESWMLVMEMAELGPLNKYLQQNRHVKDKNIIELVHQVSMGMKYLEESNFVHRDLAARNVLLVTQHYAKISDFGLSKALRADENYYKAQTHGKWPVKWYAPECINYYKFSSKSDVWSFGVLMWEAFSYGQKPYRGMKGSEVTAMLEKGERMGCPAGCPREMYDLMNLCWTYDVENRPGFAAVELRLRNYYYDVVN
FC(F)(F)c1cccc(Nc2cc(nn3ccnc23)-c2ccccc2)n1	10000.0
CCc1ccc(Nc2cc(nn3ccnc23)-c2ccccc2)nc1	185.55
C1CCN(CC1)c1cccc(Nc2cc(nn3ccnc23)-c2ccccc2)n1	406.4
C1CCN(C1)c1cccc(Nc2cc(nn3ccnc23)-c2ccccc2)n1	351.25
CC1CCCN1c1cccc(Nc2cc(nn3ccnc23)-c2ccccc2)n1	127.3
COC(=O)c1cccc(c1)-c1cc(Nc2cccc(n2)N2CCCC2C)c2nccn2n1	477.8
CC1CCCN1c1cccc(Nc2cc(nn3ccnc23)-c2cccc(c2)C(O)=O)n1	117.3
CC1CCCN1c1cccc(Nc2cc(nn3ccnc23)-c2cccc(c2)C(=O)Nc2ccc(cc2)C(O)=O)n1	1.65
CC1CCCN1c1cccc(Nc2cc(nn3ccnc23)-c2cccc(c2)C(=O)O[Na])n1	349.5
CC1CCCN1c1cccc(Nc2cc(nn3ccnc23)-c2cccc(c2)C(N)=O)n1	48.6
CC1CCCCN1c1cccc(Nc2cc(nn3ccnc23)-c2ccccc2)n1	3499.15
COC(=O)c1ccc(cc1)-c1cc(Nc2cccc(n2)N2CCCC2C)c2nccn2n1	368.85
CC1CCCN1c1cccc(Nc2cc(nn3ccnc23)-c2ccc(cc2)C(O)=O)n1	84.2
CC1CCCN1c1cccc(Nc2cc(nn3ccnc23)-c2ccc(cc2)C(=O)NCCc2ccncc2)n1	87.58
CC1CCCN1c1cccc(Nc2cc(nn3ccnc23)-c2ccc(cc2)C(N)=O)n1	33.12
CC1CCCN1c1cccc(Nc2cc(nn3ccnc23)-c2ccc3OCOc3c2)n1	114.95
CC1CCCN1c1cccc(Nc2cc(nn3ccnc23)-c2ccc3cn[nH]c3c2)n1	75.0
OCC1CCCN1c1cccc(Nc2cc(nn3ccnc23)-c2cccc(c2)C(O)=O)n1	258.0
C[C@@H]1CCCN1c1cccc(Nc2cc(nn3ccnc23)-c2ccccc2)n1	654.25
OC(=O)c1cccc(c1)-c1cc(Nc2cccc(n2)N2CCCC2)c2nccn2n1	433.65
OC(=O)c1cccc(c1)-c1cc(Nc2cccc(n2)N2CC3CC3C2)c2nccn2n1	442.45
C[C@H]1CCCN1c1cccc(Nc2cc(nn3ccnc23)-c2cccc(C(O)=O)c2C)n1	194.3
CC1CCN(C1)c1cccc(Nc2cc(nn3ccnc23)-c2ccccc2)n1	88.5
COc1ccc(Nc2cc(nn3ccnc23)-c2ccc(cc2)C(O)=O)nc1OC	265.15
COc1ccc(Nc2cc(nn3ccnc23)-c2ccc(cc2)C(=O)NCCc2cc[nH]c(=O)c2)nc1OC	186.85
CC1CCC(C)N1c1cccc(Nc2cc(nn3ccnc23)-c2ccccc2)n1	637.8
CCC1CCCN1c1cccc(Nc2cc(nn3ccnc23)-c2ccccc2)n1	1957.25
OCC1CCCN1c1cccc(Nc2cc(nn3ccnc23)-c2ccccc2)n1	270.0
CC1(C)CCCN1c1cccc(Nc2cc(nn3ccnc23)-c2ccccc2)n1	889.17
COc1ccc(Nc2cc(nn3ccnc23)-c2ccc(cc2)C(=O)NCCc2ccn(C)c(=O)c2)nc1OC	78.95
CC1(C)CCN(C1)c1cccc(Nc2cc(nn3ccnc23)-c2ccccc2)n1	1047.83
COCC1CCCN1c1cccc(Nc2cc(nn3ccnc23)-c2ccccc2)n1	833.7
COCC1CCCN1c1cccc(Nc2cc(nn3ccnc23)-c2cccc(c2)C(O)=O)n1	344.9
CC1CCCN1c1cccc(Nc2cc(nn3ccnc23)-c2ccc3[nH]ncc3c2)n1	98.1
CC1CC(C)CN(C1)c1cccc(Nc2cc(nn3ccnc23)-c2cccc(c2)C(O)=O)n1	904.35
COc1cccc(c1)-c1cc(Nc2cccc(n2)N2CCCC2C)c2nccn2n1	291.85
CC1CCCN1c1cccc(Nc2cc(nn3ccnc23)-c2cccc(c2)C(=O)NCCO)n1	42.5
CC(CO)NC(=O)c1cccc(c1)-c1cc(Nc2cccc(n2)N2CCCC2C)c2nccn2n1	129.7
CC1CCCN1c1cccc(Nc2cc(nn3ccnc23)-c2cccc(c2)C(=O)N2CCOCC2)n1	218.9
C[C@H]1CCCN1c1cccc(Nc2cc(nn3ccnc23)-c2ccccc2)n1	106.6
COc1ccc(Nc2cc(nn3ccnc23)-c2ccccc2)nc1OC	47.65
CC1CCCN1c1cccc(Nc2cc(nn3ccnc23)-c2ccccc2Cl)n1	71.22
CC1CCCN1c1cccc(Nc2cc(nn3ccnc23)-c2cccc(c2)C(=O)NCCN(C)C)n1	141.44
CC1CCCN1c1cccc(Nc2cc(nn3ccnc23)-c2ccccc2C)n1	159.4
CC1CCCN1c1cccc(Nc2cc(nn3ccnc23)-c2ccccc2C(F)(F)F)n1	410.05
C[C@H]1CCCN1c1cccc(Nc2cc(nn3ccnc23)-c2cccc(c2)C(O)=O)n1	108.38
C[C@H]1CCCN1c1cccc(Nc2cc(nn3ccnc23)-c2ccc(cc2)C(N)=O)n1	18.95
C[C@H]1CCCN1c1cccc(Nc2cc(nn3ccnc23)-c2cccc(c2)C(N)=O)n1	16.05
C[C@H]1CCCN1c1cccc(Nc2cc(nn3ccnc23)-c2ccc3ncsc3c2)n1	36.15
CC1CCC(C)N1c1cccc(Nc2cc(nn3ccnc23)-c2ccccc2)n1	637.8
COc1ccc(Nc2cc(nn3ccnc23)-c2cccc(c2)C(=O)Nc2ccc(cc2)C(O)=O)nc1OC	1.0
COc1ccc(Nc2cc(nn3ccnc23)-c2cccc(c2)C(=O)Nc2ccc3[nH]ncc3c2)nc1OC	7.33
COc1ccc(Nc2cc(nn3ccnc23)-c2cccc(c2)C(=O)Nc2ccc3C(=O)NCc3c2)nc1OC	593.35
COc1ccc(Nc2cc(nn3ccnc23)-c2cccc(c2)C(=O)Nc2ccc(C(O)=O)c(OC)c2)nc1OC	1.55
CC1(C)CCN(C1)c1cccc(Nc2cc(nn3ccnc23)-c2cccc(c2)C(O)=O)n1	599.45
CC1CCC(C)N1c1cccc(Nc2cc(nn3ccnc23)-c2cccc(c2)C(O)=O)n1	230.65
CC1(C)CCN(CC1)c1cccc(Nc2cc(nn3ccnc23)-c2cccc(c2)C(O)=O)n1	1383.6
COc1ccc(cc1OC)-c1cc(Nc2cccc(n2)N2CCCC2C)c2nccn2n1	306.48
CC1CCCN1c1cccc(Nc2cc(nn3ccnc23)-c2ccc3CCCNc3c2)n1	151.3
CC1CCCN1c1cccc(Nc2cc(nn3ccnc23)-c2ccc3CCN(Cc3c2)C(C)=O)n1	56.6
COC(=O)c1cccc(c1)-c1cc(Nc2cccc(n2)N2CCC(C2)C(C)(C)C)c2nccn2n1	1259.5
CC(C)(C)C1CCN(C1)c1cccc(Nc2cc(nn3ccnc23)-c2cccc(c2)C(O)=O)n1	695.95
CC(C)(C)C1CCN(C1)c1cccc(Nc2cc(nn3ccnc23)-c2cccc(c2)C(N)=O)n1	280.3
CC1CCCN1c1cccc(Nc2cc(nn3ccnc23)-c2cccc(CO)c2)n1	24.7
CC1CCCN1c1cccc(Nc2cc(nn3ccnc23)-c2cccc(CN3CCCCC3)c2)n1	599.4
CC1CCCN1c1cccc(Nc2cc(nn3ccnc23)-c2cccc(CN3CCCC3)c2)n1	60.77
C[C@H]1CCCN1c1cccc(Nc2cc(nn3ccnc23)-c2cccc(Cl)c2)n1	246.05
COc1ccc(Nc2cc(nn3ccnc23)N2CCCC(C2)NC(=O)c2ccc(cc2)C(O)=O)nc1OC	2.2
COc1ccc(Nc2cc(nn3ccnc23)N2CCCC(C2)C(=O)Nc2ccc3C(=O)NC(=O)c3c2)nc1OC	214.83
COc1ccc(Nc2cc(nn3ccnc23)N2CCCC(C2)C(=O)Nc2ccc(cc2)C(O)=O)nc1OC	14.95
COc1ccc(Nc2cc(nn3ccnc23)N2CCC(C2)C(=O)Nc2ccc(cc2)C(O)=O)nc1OC	460.6
COc1ccc(Nc2cc(nn3ccnc23)N2CCC(C2)NC(=O)c2ccc(cc2)C(O)=O)nc1OC	42.15
CC1CCCN1c1cccc(Nc2cc(nn3ccnc23)-c2ccc(O)cc2)n1	63.9
CC1CCCN1c1cccc(Nc2cc(nn3ccnc23)-c2cccnc2)n1	65.15
CC1CCCN1c1cccc(Nc2cc(nn3ccnc23)-c2ccc(F)cc2)n1	488.26
CC1CCCN1c1cccc(Nc2cc(nn3ccnc23)-c2cccc(c2)C#N)n1	613.95
CC1CCCN1c1cccc(Nc2cc(nn3ccnc23)-c2ccncc2)n1	188.5
COc1cncc(c1)-c1cc(Nc2cccc(n2)N2CCCC2C)c2nccn2n1	59.88
CC1CCCN1c1cccc(Nc2cc(nn3ccnc23)-c2ccc(OCCN3CCCC3)cc2)n1	47.5
CC1CCCN1c1cccc(Nc2cc(nn3ccnc23)-c2cccc(CN)c2)n1	15.63
CC1CCCN1c1cccc(Nc2cc(nn3ccnc23)-c2ccc(cc2)C(C)(C)C)n1	609.65
CC1CCCN1c1cccc(Nc2cc(nn3ccnc23)-c2cccc(O)c2)n1	101.55
CC1CCCN1c1cccc(Nc2cc(nn3ccnc23)-c2cccc(OCCN3CCCCC3)c2)n1	209.76
CC1CCCN1c1cccc(Nc2cc(nn3ccnc23)-c2cccc(OCCN3CCOCC3)c2)n1	51.05
CC1CCCN1c1cccc(Nc2cc(nn3ccnc23)-c2ccc(OCCN3CCCCC3)cc2)n1	89.55
CC1CCCN1c1cccc(Nc2cc(nn3ccnc23)-c2ccc(OCCN3CCOCC3)cc2)n1	156.65
CCN(CC)CCOc1cccc(c1)-c1cc(Nc2cccc(n2)N2CCCC2C)c2nccn2n1	261.2
CCN(CC)CCOc1ccc(cc1)-c1cc(Nc2cccc(n2)N2CCCC2C)c2nccn2n1	60.6
CC1CCCN1c1cccc(Nc2cc(nn3ccnc23)-c2cccc(CNC3CCNCC3)c2)n1	24.37
CC1CCCN1c1cccc(Nc2cc(nn3ccnc23)-c2cccc(OCCN3CCNCC3)c2)n1	175.6
COc1ccc(Nc2cc(nn3ccnc23)-c2cccc(c2)C(O)=O)nc1OC	949.0
CNC(=O)c1ccc(NC(=O)c2cccc(c2)-c2cc(Nc3ccc(OC)c(OC)n3)c3nccn3n2)cc1	103.0
Cc1ccc(Nc2cnc3[nH]cc(C(=O)NC(C)(C)C)c3n2)nc1	8.5
Cc1ccc(Nc2cnc3[nH]cc(C(=O)NC(C)(C)CO)c3n2)nc1	27.4
Cn1ccc(Nc2cnc3[nH]cc(C(=O)NC(C)(C)C)c3n2)n1	21.1
CC(C)NC(=O)c1c[nH]c2ncc(Nc3ccc(C)cn3)nc12	42.8
Cn1cc(Nc2cnc3[nH]cc(C(=O)NC(C)(C)C)c3n2)cn1	13.7
Cc1ccc(Nc2cnc3[nH]cc(C(=O)NC(C)(C)C)c3n2)cn1	17.1
Cc1ncc(Nc2cnc3[nH]cc(C(=O)NC(C)(C)C)c3n2)cn1	163.7
Cc1cnc(Nc2cnc3[nH]cc(C(=O)NC(C)(C)C)c3n2)cn1	51.3
Cc1cc(Nc2cnc3[nH]cc(C(=O)NC(C)(C)C)c3n2)[nH]n1	15.5
CC(C)(C)NC(=O)c1c[nH]c2ncc(Nc3cccnc3)nc12	16.3
Cc1ccc(Nc2cnc3[nH]cc(C(=O)NC(C)(C)C)c3n2)c(F)c1	10.9
Cc1ccc(Nc2cnc3[nH]cc(C(=O)NC(C)(C)C)c3n2)cc1	3.2
CC(C)(C)NC(=O)c1c[nH]c2ncc(Nc3cccc(c3)S(C)(=O)=O)nc12	12.8
CCn1cc(Nc2cnc3[nH]cc(C(=O)NC(C)(C)C)c3n2)cn1	35.9
CN(C)C(=O)c1ccccc1Nc1cnc2[nH]cc(C(=O)NC(C)(C)C)c2n1	933.9
Cc1c(Nc2cnc3[nH]cc(C(=O)NC(C)(C)C)c3n2)cnn1C	92.4
Cn1cc(Nc2cnc3[nH]cc(C(=O)NC(C)(C)CO)c3n2)cn1	49.9
Cc1cc(Nc2cnc3[nH]cc(C(=O)NC(C)(C)C)c3n2)sn1	2.0
Cc1ccc(Nc2cnc3[nH]cc(C(=O)NC(C)(C)C)c3n2)c(C)c1	116.8
CC(C)(C)NC(=O)c1c[nH]c2ncc(Nc3ccc(cc3)S(C)(=O)=O)nc12	30.0
CN(c1cccnc1)c1cnc2[nH]cc(C(=O)NC(C)(C)C)c2n1	1901.7
Cc1cc(Nc2cnc3[nH]cc(C(=O)NC(C)(C)C)c3n2)on1	25.1
CC(C)(C)NC(=O)c1c[nH]c2ncc(Nc3ccc(nc3)S(C)(=O)=O)nc12	116.6
CC(O)c1cccc(Nc2cnc3[nH]cc(C(=O)NC(C)(C)C)c3n2)c1	5.9
COc1ncc(Nc2cnc3[nH]cc(C(=O)NC(C)(C)C)c3n2)cn1	71.2
CC(C)(CO)NC(=O)c1c[nH]c2ncc(Nc3cccnc3)nc12	5.6
CC(N)c1cccc(Nc2cnc3[nH]cc(C(=O)NC(C)(C)C)c3n2)c1	18.8
CC(C)(C)NC(=O)c1c[nH]c2ncc(Nc3ccnc(c3)S(C)(=O)=O)nc12	120.8
CC(C)(C)NC(=O)c1c[nH]c2ncc(Nc3cncc(c3)S(C)(=O)=O)nc12	227.5
Cc1nn(C)cc1Nc1cnc2[nH]cc(C(=O)NC(C)(C)C)c2n1	97.5
Cc1nsc(Nc2cnc3[nH]cc(C(=O)NC(C)(C)C)c3n2)n1	17.8
Cn1cc2N(CCCc2n1)c1cnc2[nH]cc(C(=O)NC(C)(C)C)c2n1	43.7
Cn1ncc2N(CCCc12)c1cnc2[nH]cc(C(=O)NC(C)(C)C)c2n1	167.4
Cc1nc2[nH]cc(C(=O)NC(C)(C)C)c2nc1Nc1cnn(C)c1	1067.4
Cc1nc2[nH]cc(C(=O)NC(C)(C)C)c2nc1Nc1cccc(c1)S(C)(=O)=O	2935.4
Cc1cc(Nc2nc3c(c[nH]c3nc2C)C(=O)NC(C)(C)C)sn1	250.7
Cc1nc2[nH]cc(C(=O)NC(C)(C)C)c2nc1Nc1ccccc1	4.8
Cc1cc(Nc2nc3c(c[nH]c3nc2Cl)C(=O)NC(C)(C)C)sn1	640.0
Cc1cccc(Nc2cc(Oc3ccccc3)nnc2C(N)=O)n1	1320.0
Cc1cccc(Nc2cc(Oc3cccc(c3)C#N)nnc2C(N)=O)n1	965.0
Cc1cccc(Nc2cc(Oc3cccc(c3)C(C)(C)N)nnc2C(N)=O)n1	2240.0
Cc1cccc(Nc2cc(Oc3cccc(F)c3)nnc2C(N)=O)n1	671.0
Cc1cccc(Nc2cc(Oc3cccnc3)nnc2C(N)=O)n1	1500.0
Cc1cccc(Nc2cc(Oc3ccccc3C#N)nnc2C(N)=O)n1	385.0
CCc1ccccc1Oc1cc(Nc2cccc(C)n2)c(nn1)C(N)=O	473.0
Cc1cccc(Nc2cc(Oc3ccccc3C)nnc2C(N)=O)n1	373.0
Cc1cccc(Nc2cc(Oc3ccc(Cl)cc3C#N)nnc2C(N)=O)n1	1410.0
Cc1cccc(Nc2cc(Oc3ccccc3C3CC3)nnc2C(N)=O)n1	2180.0
CC(C)CC(CN)Nc1cc(Nc2cccc(n2)C(C)(C)C)c(nn1)C(N)=O	6.0
Cc1cc(C)cc(Nc2cc(Cl)nnc2C(N)=O)c1	124.0
CC(C)CC(CN)Nc1cc(Nc2ccc(C)c(n2)C(C)C)c(nn1)C(N)=O	2.0
CC(C)(C)c1cccc(Nc2cc(NCCN)nnc2C(N)=O)n1	13.0
CC(C)C[C@H](CN)Nc1cc(Nc2cccc(n2)C(C)(C)C)c(nn1)C(N)=O	6.0
CC(C)(C)c1cccc(Nc2cc(NCC3(N)CC3)nnc2C(N)=O)n1	135.0
COc1ccc(Nc2cc(NCCN)nnc2C(N)=O)nc1C(C)C	11.0
CC(C)(C#N)c1cccc(Nc2cc(NCCN)nnc2C(N)=O)n1	100.0
Cc1cccc(Nc2nc(CCCN)ncc2C(N)=O)c1	2540.0
CC(C)(O)c1cccc(Nc2cc(NCCN)nnc2C(N)=O)n1	161.0
Cc1cc(C)nc(Nc2cc(NCCN)nnc2C(N)=O)n1	3980.0
NCCNc1cc(Nc2cccc(n2)C(F)(F)F)c(nn1)C(N)=O	7.0
CCCc1nc(Nc2cc(NCCN)nnc2C(N)=O)ccc1OC	38.0
CN(C)c1nc(Nc2cc(NCCN)nnc2C(N)=O)ccc1C	20.0
CC(C)(C)c1nccc(Nc2cc(NCCN)nnc2C(N)=O)n1	170.0
COC(C)(C)c1cccc(Nc2cc(NCCN)nnc2C(N)=O)n1	755.0
Cc1cccc(Nc2cc(N[C@@H]3CCCC[C@@H]3N)ccc2C(N)=O)n1	41.8
COc1nc(Nc2cc(NCCN)nnc2C(N)=O)ccc1C(C)C	9.25
CC(C)c1nc(Nc2cc(NCCN)nnc2C(N)=O)ccc1F	37.8
CC(C)Oc1cccc(Nc2cc(NCCN)nnc2C(N)=O)n1	12.4
Cc1ccc(Nc2cc(NCCN)nnc2C(N)=O)nc1C	24.4
